<metadata xml:lang="en">
  <Esri>
    <CreaDate>20120901</CreaDate>
    <CreaTime>02190400</CreaTime>
    <ArcGISFormat>1.0</ArcGISFormat>
    <SyncOnce>TRUE</SyncOnce>
    </Esri>
  <dataIdInfo>
    <idCitation>
      <resTitle>6. Structure Classification Builder</resTitle>
    </idCitation>
  </dataIdInfo>
  <distInfo>
    <distributor>
      <distorFormat>
        <formatName>ArcToolbox Tool</formatName>
      </distorFormat>
    </distributor>
  </distInfo>
  <tool displayname="6. Structure Classification Builder" name="structureclassification" toolboxalias="">
    <parameters>
      <param datatype="Raster Layer" direction="Input" displayname="Standardized broad-scale BPI raster" expression="Standardized_broad-scale_BPI_raster" name="Standardized_broad-scale_BPI_raster" type="Required" />
      <param datatype="Double" direction="Input" displayname="Broad-scale BPI standard deviation break" expression="Broad-scale_BPI_standard_deviation_break" name="Broad-scale_BPI_standard_deviation_break" type="Required" />
      <param datatype="Raster Layer" direction="Input" displayname="Standardized fine-scale BPI raster" expression="Standardized_fine-scale_BPI_raster" name="Standardized_fine-scale_BPI_raster" type="Required" />
      <param datatype="Double" direction="Input" displayname="Fine-scale BPI standard deviation break" expression="Fine-scale_BPI_standard_deviation_break" name="Fine-scale_BPI_standard_deviation_break" type="Required" />
      <param datatype="Raster Layer" direction="Input" displayname="Slope raster" expression="Slope_raster" name="Slope_raster" type="Required" />
      <param datatype="Double" direction="Input" displayname="Slope value (in degrees) indicating a gentle slope" expression="Slope_value__in_degrees__indicating_a_gentle_slope" name="Slope_value__in_degrees__indicating_a_gentle_slope" type="Required" />
      <param datatype="Double" direction="Input" displayname="Slope value (in degrees) indicating a steep slope" expression="Slope_value__in_degrees__indicating_a_steep_slope" name="Slope_value__in_degrees__indicating_a_steep_slope" type="Required" />
      <param datatype="Raster Layer" direction="Input" displayname="Bathymetric raster" expression="Bathymetric_raster" name="Bathymetric_raster" type="Required" />
      <param datatype="Double" direction="Input" displayname="Depth indicating break between shelf and broad flat" expression="Depth_indicating_break_between_shelf_and_broad_flat" name="Depth_indicating_break_between_shelf_and_broad_flat" type="Required" />
      <param datatype="Raster Dataset" direction="Output" displayname="Output raster" expression="Output_raster" name="Output_raster" type="Required" />
    </parameters>
  </tool>
</metadata>