<metadata xml:lang="en"><Esri><CreaDate>20160707</CreaDate><CreaTime>13300300</CreaTime><ArcGISFormat>1.0</ArcGISFormat><SyncOnce>TRUE</SyncOnce><ModDate>20160728</ModDate><ModTime>13464900</ModTime><scaleRange><minScale>150000000</minScale><maxScale>5000</maxScale></scaleRange><ArcGISProfile>ItemDescription</ArcGISProfile></Esri><tool name="multiplescales" displayname="Calculate Metrics At Multiple Scales" toolboxalias="btm" xmlns=""><arcToolboxHelpPath>c:\program files (x86)\arcgis\desktop10.4\Help\gp</arcToolboxHelpPath><parameters><param name="Bathymetry_raster" displayname="Bathymetry raster" type="Required" direction="Input" datatype="Raster Layer" expression="Bathymetry_raster"><dialogReference>&lt;DIV STYLE="text-align:Left;"&gt;&lt;DIV&gt;&lt;DIV&gt;&lt;P&gt;&lt;SPAN&gt;Input bathymetric surface raster. &lt;/SPAN&gt;&lt;/P&gt;&lt;/DIV&gt;&lt;/DIV&gt;&lt;/DIV&gt;</dialogReference><pythonReference>&lt;DIV STYLE="text-align:Left;"&gt;&lt;DIV&gt;&lt;DIV&gt;&lt;P&gt;&lt;SPAN&gt;Input bathymetric surface raster. &lt;/SPAN&gt;&lt;/P&gt;&lt;/DIV&gt;&lt;/DIV&gt;&lt;/DIV&gt;</pythonReference></param><param name="Neighborhood_Size" displayname="Neighborhood Size" type="Required" direction="Input" datatype="Multiple Value" expression="Neighborhood_Size;Neighborhood_Size..."><dialogReference>&lt;DIV STYLE="text-align:Left;"&gt;&lt;DIV&gt;&lt;DIV&gt;&lt;P&gt;&lt;SPAN&gt;The width and length (in cell units) of the square neighborhood of cells used to calculate the value of each cell in the result raster for each metric. &lt;/SPAN&gt;&lt;/P&gt;&lt;/DIV&gt;&lt;/DIV&gt;&lt;/DIV&gt;</dialogReference><pythonReference>&lt;DIV STYLE="text-align:Left;"&gt;&lt;DIV&gt;&lt;DIV&gt;&lt;P&gt;&lt;SPAN&gt;The width and length (in cell units) of the square neighborhood of cells used to calculate the value of each cell in the result raster for each metric. &lt;/SPAN&gt;&lt;/P&gt;&lt;/DIV&gt;&lt;/DIV&gt;&lt;/DIV&gt;</pythonReference></param><param name="Metrics_Computed" displayname="Metrics to Compute" type="Required" direction="Input" datatype="Multiple Value" expression="Mean Depth | Variance | Standard Deviation | Interquartile Range | Kurtosis | Terrain Ruggedness (VRM)"><dialogReference>&lt;DIV STYLE="text-align:Left;"&gt;&lt;DIV&gt;&lt;DIV&gt;&lt;P&gt;&lt;SPAN&gt;Up to four different bathymetry metrics can be computed at each specified scale:&lt;/SPAN&gt;&lt;/P&gt;&lt;UL&gt;&lt;LI&gt;&lt;P&gt;&lt;SPAN STYLE="font-weight:bold;"&gt;Mean Depth: &lt;/SPAN&gt;&lt;SPAN&gt;The mean of all cell values in the focal neighborhood, where the size of the focal neighborhood is determined by scale.&lt;/SPAN&gt;&lt;/P&gt;&lt;/LI&gt;&lt;LI&gt;&lt;P&gt;&lt;SPAN STYLE="font-weight:bold;"&gt;Variance: &lt;/SPAN&gt;&lt;SPAN&gt;The second central moment of the distribution of all cell values in the focal neighborhood. &lt;/SPAN&gt;&lt;/P&gt;&lt;/LI&gt;&lt;LI&gt;&lt;P&gt;&lt;SPAN STYLE="font-weight:bold;"&gt;Standard Deviation: &lt;/SPAN&gt;&lt;SPAN&gt;The extent of deviation of all cell values in the focal neighborhood from the mean value. Also defined as the square root of variance. &lt;/SPAN&gt;&lt;/P&gt;&lt;/LI&gt;&lt;LI&gt;&lt;P&gt;&lt;SPAN STYLE="font-weight:bold;"&gt;Interquartile Range: &lt;/SPAN&gt;&lt;SPAN&gt;Interquartile range (IQR), a measure of variability, is the difference between the 75th percentile and 25th percentile of all values in the focal neighborhood. &lt;/SPAN&gt;&lt;/P&gt;&lt;/LI&gt;&lt;LI&gt;&lt;P&gt;&lt;SPAN /&gt;&lt;SPAN STYLE="font-weight:bold;"&gt;Kurtosis: &lt;/SPAN&gt;&lt;SPAN&gt;A descriptor of the shape of the distribution of all values in the focal neighborhood. More precisely, Kurtosis is defined as the fourth central moment divided by the square of the variance. This tool uses Fisher's definition of Kurtosis, where 3 is subtracted from the result to give a value of 0.0 for a perfectly normal distribution. The calculations are not corrected for statistical bias. &lt;/SPAN&gt;&lt;/P&gt;&lt;/LI&gt;&lt;LI&gt;&lt;P&gt;&lt;SPAN STYLE="font-weight:bold;"&gt;Terrain Ruggedness (VRM)&lt;/SPAN&gt;&lt;SPAN&gt;: The &lt;/SPAN&gt;&lt;SPAN&gt;variation in three-dimensional orientation of all cells in the focal neighborhood. This measure expresses the variability in slope and aspect as a single measure. See Sappington et al. (2007) for more information.&lt;/SPAN&gt;&lt;/P&gt;&lt;/LI&gt;&lt;/UL&gt;&lt;P&gt;&lt;SPAN STYLE="font-weight:bold;"&gt;Note: &lt;/SPAN&gt;&lt;SPAN&gt;At this time, interquartile range and kurtosis can only be calculated for input rasters less than 2.0 GB in size and with neighborhood sizes less than 75. These statistics will also not be calculated for cells that reside on the border of the input raster where the focal neighborhood includes cells with no data.&lt;/SPAN&gt;&lt;/P&gt;&lt;P&gt;&lt;SPAN STYLE="font-weight:bold;"&gt;References:&lt;/SPAN&gt;&lt;/P&gt;&lt;P&gt;&lt;SPAN /&gt;&lt;SPAN&gt;Sappington, J.M., K.M. Longshore, and D.B. Thomson. 2007. Quantifiying Landscape Ruggedness for Animal Habitat Analysis: A case Study Using Bighorn Sheep in the Mojave Desert. Journal of Wildlife Management. 71(5): 1419 -1426.&lt;/SPAN&gt;&lt;/P&gt;&lt;/DIV&gt;&lt;/DIV&gt;&lt;/DIV&gt;</dialogReference><pythonReference>&lt;DIV STYLE="text-align:Left;"&gt;&lt;DIV&gt;&lt;DIV&gt;&lt;P&gt;&lt;SPAN&gt;Up to four different bathymetry metrics can be computed at each specified scale:&lt;/SPAN&gt;&lt;/P&gt;&lt;UL&gt;&lt;LI&gt;&lt;P&gt;&lt;SPAN STYLE="font-weight:bold;"&gt;Mean Depth: &lt;/SPAN&gt;&lt;SPAN&gt;The mean of all cell values in the focal neighborhood, where the size of the focal neighborhood is determined by scale.&lt;/SPAN&gt;&lt;/P&gt;&lt;/LI&gt;&lt;LI&gt;&lt;P&gt;&lt;SPAN STYLE="font-weight:bold;"&gt;Variance: &lt;/SPAN&gt;&lt;SPAN&gt;The second central moment of the distribution of all cell values in the focal neighborhood. &lt;/SPAN&gt;&lt;/P&gt;&lt;/LI&gt;&lt;LI&gt;&lt;P&gt;&lt;SPAN STYLE="font-weight:bold;"&gt;Standard Deviation: &lt;/SPAN&gt;&lt;SPAN&gt;The extent of deviation of all cell values in the focal neighborhood from the mean value. Also defined as the square root of variance. &lt;/SPAN&gt;&lt;/P&gt;&lt;/LI&gt;&lt;LI&gt;&lt;P&gt;&lt;SPAN STYLE="font-weight:bold;"&gt;Interquartile Range: &lt;/SPAN&gt;&lt;SPAN&gt;Interquartile range (IQR), a measure of variability, is the difference between the 75th percentile and 25th percentile of all values in the focal neighborhood. &lt;/SPAN&gt;&lt;/P&gt;&lt;/LI&gt;&lt;LI&gt;&lt;P&gt;&lt;SPAN /&gt;&lt;SPAN STYLE="font-weight:bold;"&gt;Kurtosis: &lt;/SPAN&gt;&lt;SPAN&gt;A descriptor of the shape of the distribution of all values in the focal neighborhood. More precisely, Kurtosis is defined as the fourth central moment divided by the square of the variance. This tool uses Fisher's definition of Kurtosis, where 3 is subtracted from the result to give a value of 0.0 for a perfectly normal distribution. The calculations are not corrected for statistical bias. &lt;/SPAN&gt;&lt;/P&gt;&lt;/LI&gt;&lt;LI&gt;&lt;P&gt;&lt;SPAN STYLE="font-weight:bold;"&gt;Terrain Ruggedness (VRM)&lt;/SPAN&gt;&lt;SPAN&gt;: The &lt;/SPAN&gt;&lt;SPAN&gt;variation in three-dimensional orientation of all cells in the focal neighborhood. This measure expresses the variability in slope and aspect as a single measure. See Sappington et al. (2007) for more information.&lt;/SPAN&gt;&lt;/P&gt;&lt;/LI&gt;&lt;/UL&gt;&lt;P&gt;&lt;SPAN STYLE="font-weight:bold;"&gt;Note: &lt;/SPAN&gt;&lt;SPAN&gt;At this time, interquartile range and kurtosis can only be calculated for input rasters less than 2.0 GB in size and with neighborhood sizes less than 75. These statistics will also not be calculated for cells that reside on the border of the input raster where the focal neighborhood includes cells with no data.&lt;/SPAN&gt;&lt;/P&gt;&lt;P&gt;&lt;SPAN STYLE="font-weight:bold;"&gt;References:&lt;/SPAN&gt;&lt;/P&gt;&lt;P&gt;&lt;SPAN /&gt;&lt;SPAN&gt;Sappington, J.M., K.M. Longshore, and D.B. Thomson. 2007. Quantifiying Landscape Ruggedness for Animal Habitat Analysis: A case Study Using Bighorn Sheep in the Mojave Desert. Journal of Wildlife Management. 71(5): 1419 -1426.&lt;/SPAN&gt;&lt;/P&gt;&lt;/DIV&gt;&lt;/DIV&gt;&lt;DIV&gt;&lt;DIV&gt;&lt;P&gt;&lt;SPAN /&gt;&lt;/P&gt;&lt;/DIV&gt;&lt;/DIV&gt;&lt;/DIV&gt;</pythonReference></param><param name="Output_Workspace" displayname="Output Workspace" type="Required" direction="Input" datatype="Workspace" expression="Output_Workspace"><dialogReference>&lt;DIV STYLE="text-align:Left;"&gt;&lt;DIV&gt;&lt;DIV&gt;&lt;P&gt;&lt;SPAN&gt;The path to which all result rasters will be saved. A default file name specifying the corresponding metric and scale will be assigned to each result raster. &lt;/SPAN&gt;&lt;/P&gt;&lt;/DIV&gt;&lt;/DIV&gt;&lt;/DIV&gt;</dialogReference><pythonReference>&lt;DIV STYLE="text-align:Left;"&gt;&lt;DIV&gt;&lt;DIV&gt;&lt;P&gt;&lt;SPAN&gt;The path to which all result rasters will be saved. A default file name specifying the corresponding metric and scale will be assigned to each result raster. &lt;/SPAN&gt;&lt;/P&gt;&lt;P&gt;&lt;SPAN /&gt;&lt;/P&gt;&lt;/DIV&gt;&lt;/DIV&gt;&lt;/DIV&gt;</pythonReference></param></parameters><summary>&lt;DIV STYLE="text-align:Left;"&gt;&lt;DIV&gt;&lt;DIV&gt;&lt;P&gt;&lt;SPAN&gt;Calculates a variety of metrics at multiple scales in a single step for quick multi-scale analysis of a bathymetric surface raster. &lt;/SPAN&gt;&lt;/P&gt;&lt;P&gt;&lt;SPAN /&gt;&lt;/P&gt;&lt;/DIV&gt;&lt;/DIV&gt;&lt;/DIV&gt;</summary><usage>&lt;DIV STYLE="text-align:Left;"&gt;&lt;DIV&gt;&lt;DIV&gt;&lt;UL&gt;&lt;LI&gt;&lt;P&gt;&lt;SPAN&gt;Provides a quick method of investigating a bathymetric dataset when interested in multiple scales of analysis.&lt;/SPAN&gt;&lt;/P&gt;&lt;/LI&gt;&lt;LI&gt;&lt;P&gt;&lt;SPAN&gt;Can help identify predictors of benthic zones and structures that might not be evident without multi-scale analysis.&lt;/SPAN&gt;&lt;/P&gt;&lt;/LI&gt;&lt;LI&gt;&lt;P&gt;&lt;SPAN&gt;Calculates six useful bathymetry metrics including mean depth, variance, standard deviation, interquartile range, kurtosis, and terrain ruggedness (VRM).&lt;/SPAN&gt;&lt;/P&gt;&lt;/LI&gt;&lt;LI&gt;&lt;P&gt;&lt;SPAN&gt;Saves a raster of each chosen metric at each scale of interest to the specified output workspace. &lt;/SPAN&gt;&lt;/P&gt;&lt;/LI&gt;&lt;LI&gt;&lt;P&gt;&lt;SPAN&gt;In this case, scale is synonymous with the size of the square neighborhood of cells used to calculate the value of each cell in the result raster for each metric. For more information, see &lt;/SPAN&gt;&lt;A href="http://desktop.arcgis.com/en/arcmap/10.3/tools/spatial-analyst-toolbox/how-focal-statistics-works.htm"&gt;&lt;SPAN&gt;How Focal Statistics Works&lt;/SPAN&gt;&lt;/A&gt;&lt;SPAN&gt;.&lt;/SPAN&gt;&lt;/P&gt;&lt;/LI&gt;&lt;/UL&gt;&lt;/DIV&gt;&lt;/DIV&gt;&lt;/DIV&gt;</usage></tool><dataIdInfo><idCitation><resTitle>Calculate Metrics At Multiple Scales</resTitle></idCitation><idAbs>&lt;DIV STYLE="text-align:Left;"&gt;&lt;DIV&gt;&lt;DIV&gt;&lt;P&gt;&lt;SPAN&gt;Calculates a variety of metrics at multiple scales in a single step for quick multi-scale analysis of a bathymetric surface raster. &lt;/SPAN&gt;&lt;/P&gt;&lt;P&gt;&lt;SPAN /&gt;&lt;/P&gt;&lt;/DIV&gt;&lt;/DIV&gt;&lt;/DIV&gt;</idAbs><searchKeys><keyword>metrics multiple scales standard deviation mean variance terrain ruggedness VRM bathymetry depth</keyword></searchKeys></dataIdInfo><distInfo><distributor><distorFormat><formatName>ArcToolbox Tool</formatName></distorFormat></distributor></distInfo><mdHrLv><ScopeCd value="005"/></mdHrLv></metadata>
